{
    "data": {
        "Cryptography": [
            {
                "category": "Cryptography",
                "description": "That other chall in every CTF that has to be RSA. Harder(-ish) version of Flipped 101.",
                "files": [
                    "/files/e8f624e6b69a9ea83c235c2d9133a8db/chall.py?token=eyJ1c2VyX2lkIjozMSwidGVhbV9pZCI6bnVsbCwiZmlsZV9pZCI6MTF9.Z6bI1w.ooc5M3yElF7fT8Ur5BVApVNmshg",
                    "/files/f894cf445679e493edf84a9b104ea232/out.txt?token=eyJ1c2VyX2lkIjozMSwidGVhbV9pZCI6bnVsbCwiZmlsZV9pZCI6MTJ9.Z6bI1w.qPM5mvt80AlJnYbvs7ncGV3ynxM"
                ],
                "hints": [
                    "-"
                ],
                "id": 11,
                "name": "Flipped 102",
                "points": 500,
                "solves": 0
            },
            {
                "category": "Cryptography",
                "description": "Reading MT implementation, we see that first state is not that important.",
                "files": [
                    "/files/b5ca05ec5429f852951730f920d5779f/chall.py?token=eyJ1c2VyX2lkIjozMSwidGVhbV9pZCI6bnVsbCwiZmlsZV9pZCI6MTN9.Z6bI2A.puV5oLuXlgUlO6t-jyg_1wZx_xQ"
                ],
                "hints": [
                    "-"
                ],
                "id": 12,
                "name": "Baby MT",
                "points": 500,
                "solves": 0
            },
            {
                "category": "Cryptography",
                "description": "That one chall in every CTF that has to be RSA. Simplied version of Flipped 102.",
                "files": [
                    "/files/5b008b713c5036805eeb871cb022156e/chall.py?token=eyJ1c2VyX2lkIjozMSwidGVhbV9pZCI6bnVsbCwiZmlsZV9pZCI6OX0.Z6bI1w.crhDxSnsztZ_qXJnbaOasMRsg30",
                    "/files/c226166083fb6ea966e6eabde8b7e37a/out.txt?token=eyJ1c2VyX2lkIjozMSwidGVhbV9pZCI6bnVsbCwiZmlsZV9pZCI6MTB9.Z6bI1w.hwEGRQNkwhqUEo6VwMSuLy8DOYk"
                ],
                "hints": [
                    "-"
                ],
                "id": 10,
                "name": "Flipped 101",
                "points": 500,
                "solves": 0
            }
        ],
        "Forensic": [
            {
                "category": "Forensic",
                "description": "We detected suspicious network traffic and think a compromised machine is communicating with a suspicious server.\r\n\r\nhttps://drive.google.com/file/d/1P0cxPHMj5MvOhtO4ED-5nCCg4v74GTDV/view?usp=sharing\r\n",
                "files": [],
                "hints": [
                    "-"
                ],
                "id": 1,
                "name": "C2",
                "points": 500,
                "solves": 0
            },
            {
                "category": "Forensic",
                "description": "Our machine was compromised, but surprisingly, the attacker didn't create or modify any files. However, we recorded syscall activity that may give us a clue about what they did.\r\n\r\nhttps://drive.google.com/file/d/1P0cxPHMj5MvOhtO4ED-5nCCg4v74GTDV/view?usp=sharing",
                "files": [],
                "hints": [
                    "-"
                ],
                "id": 2,
                "name": "Nano",
                "points": 500,
                "solves": 0
            }
        ],
        "Misc": [
            {
                "category": "Misc",
                "description": "Break the jail and get the flag.",
                "files": [
                    "/files/a32184ec56c81295a669eb88b1c2ac22/baby-pyjail.zip?token=eyJ1c2VyX2lkIjozMSwidGVhbV9pZCI6bnVsbCwiZmlsZV9pZCI6M30.Z6bI2A.R1U3V_ctZo_AK0i-ME5H03vycBk"
                ],
                "hints": [
                    "-"
                ],
                "id": 3,
                "name": "Baby PyJail",
                "points": 500,
                "solves": 0
            },
            {
                "category": "Misc",
                "description": "Jail is jailing.",
                "files": [
                    "/files/15df53bbd3433de15ed60783d46609bc/pyjail.zip?token=eyJ1c2VyX2lkIjozMSwidGVhbV9pZCI6bnVsbCwiZmlsZV9pZCI6NH0.Z6bI2A.nIt4UDsQgNxrwmD2boQ6zXNGAm0"
                ],
                "hints": [
                    "-"
                ],
                "id": 4,
                "name": "PyJail",
                "points": 500,
                "solves": 0
            }
        ],
        "Pwn": [
            {
                "category": "Pwn",
                "description": "Welcome new hire, please fill in this data to receive your employee profile",
                "files": [
                    "/files/5706ae8b5f34ccb9ceb216f76f773c93/dist-pelajar.zip?token=eyJ1c2VyX2lkIjozMSwidGVhbV9pZCI6bnVsbCwiZmlsZV9pZCI6OH0.Z6bI2A.TGczZT_hY3p_ZslwWfaoYhM4avI"
                ],
                "hints": [
                    "-"
                ],
                "id": 9,
                "name": "Profile Maker",
                "points": 500,
                "solves": 0
            },
            {
                "category": "Pwn",
                "description": "aaaaaarmhhhhaaaaaarmhhhhaaaaaarmhhhhaaaaaarmhhhhaaaaaarmhhhh\r\n\r\ncan you exploit this?\r\n",
                "files": [
                    "/files/3fac23b61cb714c4896e2cc1f61fe272/aaaarmhhh?token=eyJ1c2VyX2lkIjozMSwidGVhbV9pZCI6bnVsbCwiZmlsZV9pZCI6MTd9.Z6bI2A.-jMYZ6U2hGqmd8z-NCQ_4gbBdF0",
                    "/files/b838c1bf023a25f2f4213d811fa4bd1e/Dockerfile?token=eyJ1c2VyX2lkIjozMSwidGVhbV9pZCI6bnVsbCwiZmlsZV9pZCI6MTh9.Z6bI2A.kvGqNkI8jzJft1GlsSZW-1lUIAs"
                ],
                "hints": [
                    "-"
                ],
                "id": 16,
                "name": "aaaaaarmhhhh",
                "points": 500,
                "solves": 0
            },
            {
                "category": "Pwn",
                "description": "This is like the 5th time ive made a sorting game challenge",
                "files": [
                    "/files/e7556a0f83141b6214f8fe4ea89a96f7/dist.zip?token=eyJ1c2VyX2lkIjozMSwidGVhbV9pZCI6bnVsbCwiZmlsZV9pZCI6N30.Z6bI2A.vKN6j7K8yhRBjZU2qXxjQjAnCvg"
                ],
                "hints": [
                    "-"
                ],
                "id": 8,
                "name": "Sorting Game",
                "points": 500,
                "solves": 0
            }
        ],
        "Reverse Engineering": [
            {
                "category": "Reverse Engineering",
                "description": "My camel so slow",
                "files": [
                    "/files/c06639dc482860629db4776dd428cce8/main.ml?token=eyJ1c2VyX2lkIjozMSwidGVhbV9pZCI6bnVsbCwiZmlsZV9pZCI6MTV9.Z6bI1w.j1bzl9S2v62S9zFNPz44Y_qK8G0"
                ],
                "hints": [
                    "-"
                ],
                "id": 14,
                "name": "Camel White",
                "points": 500,
                "solves": 0
            },
            {
                "category": "Reverse Engineering",
                "description": "Can you make something from this dump",
                "files": [
                    "/files/c4bd39478955be35bc9983ce769e3d36/garam?token=eyJ1c2VyX2lkIjozMSwidGVhbV9pZCI6bnVsbCwiZmlsZV9pZCI6MTZ9.Z6bI1w._1o01IyKilPDMeyYnrCIPZMZmGI"
                ],
                "hints": [
                    "-"
                ],
                "id": 15,
                "name": "Gudang Garam",
                "points": 500,
                "solves": 0
            },
            {
                "category": "Reverse Engineering",
                "description": "Is there a connection between us? if so is it secure? seems likes nothing to me.",
                "files": [
                    "/files/e2c6363be8a1ef3c977e4a8b3c088c47/connect?token=eyJ1c2VyX2lkIjozMSwidGVhbV9pZCI6bnVsbCwiZmlsZV9pZCI6MTR9.Z6bI1w.N7Uv5iJitVQ1nX5Hesa8l0jjxd0"
                ],
                "hints": [
                    "-"
                ],
                "id": 13,
                "name": "Camel Connect",
                "points": 500,
                "solves": 0
            }
        ],
        "Web": [
            {
                "category": "Web",
                "description": "Simple note app for you.",
                "files": [
                    "/files/be7a6e0d65a533d4314680fd20bef598/simple-notes.zip?token=eyJ1c2VyX2lkIjozMSwidGVhbV9pZCI6bnVsbCwiZmlsZV9pZCI6NX0.Z6bI1w.CGlUEhX8EPD7dhC2YxTWYQ2AsiE"
                ],
                "hints": [
                    "-"
                ],
                "id": 5,
                "name": "Simple Notes",
                "points": 500,
                "solves": 0
            },
            {
                "category": "Web",
                "description": "Hey, I made a sandbox app, can you hack it",
                "files": [
                    "/files/c5ba41701eae556c132bced07354abec/js-runner.zip?token=eyJ1c2VyX2lkIjozMSwidGVhbV9pZCI6bnVsbCwiZmlsZV9pZCI6MTl9.Z6bI2A.AqBve700ksHcIVQd9dD3ISmrL_0"
                ],
                "hints": [
                    "-"
                ],
                "id": 17,
                "name": "JS Runner",
                "points": 500,
                "solves": 0
            },
            {
                "category": "Web",
                "description": "Simple name card generator for you.",
                "files": [
                    "/files/492215f81732ffd298a9a501ab53a080/namecard.zip?token=eyJ1c2VyX2lkIjozMSwidGVhbV9pZCI6bnVsbCwiZmlsZV9pZCI6Nn0.Z6bI2A.RUWFpeIp-cYJiG7zQPqPLonYFWg"
                ],
                "hints": [
                    "-"
                ],
                "id": 6,
                "name": "Name Card",
                "points": 500,
                "solves": 0
            }
        ]
    },
    "title": "Cyber Jawara 2024 Final - Pelajar",
    "url": "https://2024-final-pelajar.cyberjawara.pro"
}